post_id,ticker,mentions,sentiment,score,num_comments,engagement,created_utc,title,permalink
1uvew91,AFL,11,0.9969,298,226,11.12539359087209,2026-07-13 15:32:51+00:00,"Short $AFL, Save the World",https://www.reddit.com/r/wallstreetbets/comments/1uvew91/short_afl_save_the_world/
1uxlj2e,FOR,1,-0.8481,16,18,5.777652323222656,2026-07-15 23:06:21+00:00,HISTORIC SELL-OFF FOR MOMENTUM IN JULY,https://www.reddit.com/r/wallstreetbets/comments/1uxlj2e/historic_selloff_for_momentum_in_july/
1uumaxi,FOR,1,0.8119,432,149,11.081373022098745,2026-07-12 17:48:19+00:00,SOFI will SO FLY - 1.3M YOLO,https://www.reddit.com/r/wallstreetbets/comments/1uumaxi/sofi_will_so_fly_13m_yolo/
1uu2zpt,FOR,3,0.9984,37,38,7.301147805856032,2026-07-12 02:32:25+00:00,Delulu Part 2 - 7/12 Key Notes - Squeeze Passed or Still on the Table? The Battle for $150 or $135 the new floor,https://www.reddit.com/r/wallstreetbets/comments/1uu2zpt/delulu_part_2_712_key_notes_squeeze_passed_or/
1ux619r,HOOD,3,0.9089,18,3,4.330733340286331,2026-07-15 13:34:31+00:00,More $HOOD Gains,https://www.reddit.com/r/wallstreetbets/comments/1ux619r/more_hood_gains/
1uvipvm,HOOD,2,0.0343,128,81,9.266531651625925,2026-07-13 17:48:51+00:00,"$80,000 $HOOD YOLO",https://www.reddit.com/r/wallstreetbets/comments/1uvipvm/80000_hood_yolo/
1uwo588,IBM,1,0.296,2177,233,13.141483418850608,2026-07-14 22:54:47+00:00,IBM shares plunge 25% as customers shift spending to AI,https://www.reddit.com/r/wallstreetbets/comments/1uwo588/ibm_shares_plunge_25_as_customers_shift_spending/
1uwdn5y,IBM,5,-0.8301,53,186,9.22009266341886,2026-07-14 16:29:28+00:00,ORCL vs IBM,https://www.reddit.com/r/wallstreetbets/comments/1uwdn5y/orcl_vs_ibm/
1uw5tdf,IBM,1,0.0,1034,220,12.340319407217223,2026-07-14 11:20:18+00:00,IBM expects second-quarter revenue below estimates. Results in SaaS sell-off,https://www.reddit.com/r/wallstreetbets/comments/1uw5tdf/ibm_expects_secondquarter_revenue_below_estimates/
1uvj64t,IBM,1,0.7715,811,247,12.21292908632666,2026-07-13 18:04:45+00:00,$840k full port MSFT YOLO,https://www.reddit.com/r/wallstreetbets/comments/1uvj64t/840k_full_port_msft_yolo/
1urndgb,IBM,3,0.9141,255,154,10.588602561398808,2026-07-09 11:20:41+00:00,"Starbucks Taps AI to Reduce Reliance on Microsoft, IBM Software (means buy your own hardware)",https://www.reddit.com/r/wallstreetbets/comments/1urndgb/starbucks_taps_ai_to_reduce_reliance_on_microsoft/
1ut7wgf,META,4,0.995,662,174,11.661560964109377,2026-07-11 02:39:00+00:00,"$450,000 USD on MSFT + NFLX. Funded entirely by META profits 🥳",https://www.reddit.com/r/wallstreetbets/comments/1ut7wgf/450000_usd_on_msft_nflx_funded_entirely_by_meta/
1uszlq1,META,1,0.0,111,61,8.845633256340186,2026-07-10 20:43:18+00:00,Full Port MSFT Bull Call Spread,https://www.reddit.com/r/wallstreetbets/comments/1uszlq1/full_port_msft_bull_call_spread/
1usygj9,META,2,0.6476,76,29,7.74500280351584,2026-07-10 20:00:18+00:00,Its META time,https://www.reddit.com/r/wallstreetbets/comments/1usygj9/its_meta_time/
1urnd6h,META,1,-0.9892,4241,1265,15.49640773782875,2026-07-09 11:20:20+00:00,"Hands down, MSFT is the worst fucking investment I have ever owned",https://www.reddit.com/r/wallstreetbets/comments/1urnd6h/hands_down_msft_is_the_worst_fucking_investment_i/
1uwdn5y,MSFT,3,-0.8301,53,186,9.22009266341886,2026-07-14 16:29:28+00:00,ORCL vs IBM,https://www.reddit.com/r/wallstreetbets/comments/1uwdn5y/orcl_vs_ibm/
1uvj64t,MSFT,3,0.7715,811,247,12.21292908632666,2026-07-13 18:04:45+00:00,$840k full port MSFT YOLO,https://www.reddit.com/r/wallstreetbets/comments/1uvj64t/840k_full_port_msft_yolo/
1uvcbwa,MSFT,1,0.504,0,34,3.5553480614894135,2026-07-13 13:57:35+00:00,Chat will these print? MSFT 12/18 $400C,https://www.reddit.com/r/wallstreetbets/comments/1uvcbwa/chat_will_these_print_msft_1218_400c/
1ut7wgf,MSFT,4,0.995,662,174,11.661560964109377,2026-07-11 02:39:00+00:00,"$450,000 USD on MSFT + NFLX. Funded entirely by META profits 🥳",https://www.reddit.com/r/wallstreetbets/comments/1ut7wgf/450000_usd_on_msft_nflx_funded_entirely_by_meta/
1uszlq1,MSFT,3,0.0,111,61,8.845633256340186,2026-07-10 20:43:18+00:00,Full Port MSFT Bull Call Spread,https://www.reddit.com/r/wallstreetbets/comments/1uszlq1/full_port_msft_bull_call_spread/
1urnd6h,MSFT,3,-0.9892,4241,1265,15.49640773782875,2026-07-09 11:20:20+00:00,"Hands down, MSFT is the worst fucking investment I have ever owned",https://www.reddit.com/r/wallstreetbets/comments/1urnd6h/hands_down_msft_is_the_worst_fucking_investment_i/
1uwwaok,NFLX,2,-0.4423,60,45,7.939515260662406,2026-07-15 05:11:16+00:00,Sell & book loss before NFLX earnings?,https://www.reddit.com/r/wallstreetbets/comments/1uwwaok/sell_book_loss_before_nflx_earnings/
1uwhfn9,NFLX,3,0.9693,72,46,8.140607042858448,2026-07-14 18:42:35+00:00,NFLX & Chill 😎,https://www.reddit.com/r/wallstreetbets/comments/1uwhfn9/nflx_chill/
1utdggi,NFLX,1,0.2732,102,50,8.566554620953962,2026-07-11 07:32:29+00:00,I still have a NFLX Subscription,https://www.reddit.com/r/wallstreetbets/comments/1utdggi/i_still_have_a_nflx_subscription/
1ut8ti9,NFLX,1,-0.0258,72,50,8.222285073872717,2026-07-11 03:23:32+00:00,NFLX yolo,https://www.reddit.com/r/wallstreetbets/comments/1ut8ti9/nflx_yolo/
1ut7wgf,NFLX,3,0.995,662,174,11.661560964109377,2026-07-11 02:39:00+00:00,"$450,000 USD on MSFT + NFLX. Funded entirely by META profits 🥳",https://www.reddit.com/r/wallstreetbets/comments/1ut7wgf/450000_usd_on_msft_nflx_funded_entirely_by_meta/
1uxazuk,ORCL,2,0.7684,36,4,5.220355825078324,2026-07-15 16:32:36+00:00,$BABA +$41K,https://www.reddit.com/r/wallstreetbets/comments/1uxazuk/baba_41k/
1uwdn5y,ORCL,4,-0.8301,53,186,9.22009266341886,2026-07-14 16:29:28+00:00,ORCL vs IBM,https://www.reddit.com/r/wallstreetbets/comments/1uwdn5y/orcl_vs_ibm/
1uxldjz,SPCX,1,0.3346,18,13,5.583496308781699,2026-07-15 23:00:06+00:00,SPCX 4 weeks later follow up.,https://www.reddit.com/r/wallstreetbets/comments/1uxldjz/spcx_4_weeks_later_follow_up/
1uujmwy,SPCX,1,-0.2617,1313,547,13.487106485992571,2026-07-12 16:09:56+00:00,Ruined my portfolio with SPCX but all I need are my puts to 20x next week and I’m gucci ✌️,https://www.reddit.com/r/wallstreetbets/comments/1uujmwy/ruined_my_portfolio_with_spcx_but_all_i_need_are/
1utaank,SPCX,2,0.8982,1328,523,13.453673743034287,2026-07-11 04:38:31+00:00,SPCX first major unlock is bigger than the entire IPO float,https://www.reddit.com/r/wallstreetbets/comments/1utaank/spcx_first_major_unlock_is_bigger_than_the_entire/
1uryfgn,SPCX,1,-0.6114,283,446,11.751532832774775,2026-07-09 18:18:46+00:00,Hate my job! So all my savings go into SPCX,https://www.reddit.com/r/wallstreetbets/comments/1uryfgn/hate_my_job_so_all_my_savings_go_into_spcx/
1uxl9wx,SPY,2,0.0,5,14,4.499809670330265,2026-07-15 22:55:54+00:00,The 230pm-415pm $SPX/$SPY scalp strategy I posted 2 days ago has now worked 2 days in a row since posting it here. Going to keep this going.,https://www.reddit.com/r/wallstreetbets/comments/1uxl9wx/the_230pm415pm_spxspy_scalp_strategy_i_posted_2/
1uvq13t,SPY,2,0.0,77,43,8.140898460607852,2026-07-13 22:12:26+00:00,Scalping $SPY & $SPX 2:30pm to close is the way to go.,https://www.reddit.com/r/wallstreetbets/comments/1uvq13t/scalping_spy_spx_230pm_to_close_is_the_way_to_go/
1utwubm,SPY,2,0.9767,70,85,8.717027173294824,2026-07-11 21:54:44+00:00,"If June CPI comes in hotter than expected, is the better trade Treasuries or SPY/QQQ puts?",https://www.reddit.com/r/wallstreetbets/comments/1utwubm/if_june_cpi_comes_in_hotter_than_expected_is_the/
1uspszv,SPY,1,-0.4019,472,139,11.100737811101236,2026-07-10 14:47:48+00:00,Caught that flash crash on SPY,https://www.reddit.com/r/wallstreetbets/comments/1uspszv/caught_that_flash_crash_on_spy/
1uspjan,SPY,1,-0.1779,381,75,10.276153948892906,2026-07-10 14:38:02+00:00,Crashed and cashed out immediately. Thanks SPY 0DTE Puts,https://www.reddit.com/r/wallstreetbets/comments/1uspjan/crashed_and_cashed_out_immediately_thanks_spy/
